{"duet-g1": 13.680623531341553, "mobius_light": 5.640806436538696}