{"abc_light": 120.02247166633606, "aj": 120.00053477287292, "alpha": 120.00013589859009, "az": 120.00001668930054, "doublealpha": 120.0130558013916, "key_light_1": 120.00035977363586}