{"duet-g1": 9.673499584197998, "mobius_light": 0.6784594058990479}