{"abc_light": 120.00021362304688, "aj": 120.00062417984009, "alpha": 120.00028085708618, "az": 120.01151895523071, "doublealpha": 120.00063133239746, "key_light_1": 120.87636137008667}